<?xml version="1.0" encoding="UTF-8"?>
<project-private xmlns="http://www.netbeans.org/ns/project-private/1">
    <editor-bookmarks xmlns="http://www.netbeans.org/ns/editor-bookmarks/2" lastBookmarkId="0"/>
    <open-files xmlns="http://www.netbeans.org/ns/projectui-open-files/2">
        <group>
            <file>file:/G:/CSE%203.1/Database/PROJECT/OldAgeHome/src/oldagehome/database.java</file>
            <file>file:/G:/CSE%203.1/Database/PROJECT/OldAgeHome/src/oldagehome/homePage.java</file>
            <file>file:/G:/CSE%203.1/Database/PROJECT/OldAgeHome/src/oldagehome/signUp.java</file>
            <file>file:/G:/CSE%203.1/Database/PROJECT/OldAgeHome/src/oldagehome/signIn.java</file>
            <file>file:/G:/CSE%203.1/Database/PROJECT/OldAgeHome/src/oldagehome/OldAgeHome.java</file>
        </group>
    </open-files>
</project-private>
